{
  "name": "Hasselblad_X5",
  "type": [
    "IDT"
  ],
  "description": "用户自定义色彩空间",
  "primaries": {
    "R": [
      0.7019988955584764,
      0.29451707409377653
    ],
    "G": [
      0.23611062324377016,
      0.7099697595800671
    ],
    "B": [
      0.14850204968872527,
      0.05106513263031818
    ]
  },
  "white_point": [0.32168, 0.33767],
  "gamma": 1.0
}