{
  "name": "Ilford MGFB 0",
  "type": "paper",
  "curves": {
    "RGB": [
      [
        0.8101245729166666,
        0.99516957625
      ],
      [
        0.8049182708880696,
        0.9931881240225643
      ],
      [
        0.7989058651705647,
        0.9909139723950307
      ],
      [
        0.7919625448803997,
        0.9875877978144931
      ],
      [
        0.7839441743783133,
        0.9834614720975148
      ],
      [
        0.7746843011732992,
        0.9764558541316595
      ],
      [
        0.7639907005532448,
        0.9675582248893666
      ],
      [
        0.7516413852128027,
        0.954621550855554
      ],
      [
        0.7373799970427906,
        0.9365711064186399
      ],
      [
        0.7209104854197697,
        0.9194448715841606
      ],
      [
        0.7018909615229885,
        0.8984279572147134
      ],
      [
        0.6799266011011166,
        0.8717299234170417
      ],
      [
        0.65456144835807,
        0.8400379691520172
      ],
      [
        0.6252689508156688,
        0.7999546207564615
      ],
      [
        0.5914410286673667,
        0.7532347132418432
      ],
      [
        0.5523754517149351,
        0.6930309081424716
      ],
      [
        0.5072612618472916,
        0.6227147498763929
      ],
      [
        0.45516193844827824,
        0.5780570186952709
      ],
      [
        0.39499595726589765,
        0.5705645797003558
      ],
      [
        0.3255143391666666,
        0.5683874341666666
      ]
    ],
    "R": [
            [
              0.0,
              0.0
            ],
            [
              1.0,
              1.0
            ]
          ],
    "G": [
      [
        0.0,
        0.0
      ],
      [
        1.0,
        1.0
      ]
    ],
    "B": [
      [
        0.0,
        0.0
      ],
      [
        1.0,
        1.0
      ]
    ]
  }
}