{
  "name": "Ilford MGFB 00",
  "type": "paper",
  "curves": {
    "RGB": [
      [
        0.8363899279166667,
        0.99516957625
      ],
      [
        0.8345417432781135,
        0.9961535677850337
      ],
      [
        0.8322294617639444,
        0.9952861845737706
      ],
      [
        0.8293365442008194,
        0.9931539879965036
      ],
      [
        0.8257171873120692,
        0.992302826796245
      ],
      [
        0.8211889752208847,
        0.9929144047281505
      ],
      [
        0.8155236856755286,
        0.9911994417064093
      ],
      [
        0.8084357876295852,
        0.9876850580642772
      ],
      [
        0.799568050454375,
        0.9839000460618226
      ],
      [
        0.788473539486682,
        0.9772395418629493
      ],
      [
        0.7745930904859659,
        0.9679987662313567
      ],
      [
        0.7572271277118952,
        0.9517104993845465
      ],
      [
        0.7355004052510541,
        0.925085449365632
      ],
      [
        0.7083178945528718,
        0.8945632391980024
      ],
      [
        0.6743095949030501,
        0.8631872912922529
      ],
      [
        0.6317614852779374,
        0.8114511939062403
      ],
      [
        0.5785291375477825,
        0.7506914954977083
      ],
      [
        0.5119296371274011,
        0.6820789615248344
      ],
      [
        0.42860636386639916,
        0.604787913219865
      ],
      [
        0.3243598181249999,
        0.5683874341666666
      ]
    ],
    "R": [
            [
              0.0,
              0.0
            ],
            [
              1.0,
              1.0
            ]
          ],
    "G": [
      [
        0.0,
        0.0
      ],
      [
        1.0,
        1.0
      ]
    ],
    "B": [
      [
        0.0,
        0.0
      ],
      [
        1.0,
        1.0
      ]
    ]
  }
}