{
  "name": "Ilford MGFB 1",
  "type": "paper",
  "curves": {
    "RGB": [
      [
        0.8086814214583333,
        0.99516957625
      ],
      [
        0.803336412587855,
        0.9953954452209239
      ],
      [
        0.797176739393542,
        0.9930039518489994
      ],
      [
        0.7900782340813622,
        0.9900690152616646
      ],
      [
        0.7818978037115227,
        0.98427954190367
      ],
      [
        0.7724705457053942,
        0.9776864991619075
      ],
      [
        0.7616064237098349,
        0.9661739455352889
      ],
      [
        0.7490864368103923,
        0.9537833914661015
      ],
      [
        0.7346582048716965,
        0.937187369058063
      ],
      [
        0.7180308810135488,
        0.915018154095538
      ],
      [
        0.6988692886674863,
        0.8911612721963903
      ],
      [
        0.6767871650275616,
        0.8598439779234122
      ],
      [
        0.6513393746956109,
        0.8201779258574506
      ],
      [
        0.6220129365622745,
        0.7640753283896236
      ],
      [
        0.5882166830420393,
        0.6820482930513422
      ],
      [
        0.5492693432113065,
        0.60075046541304
      ],
      [
        0.5043858096272551,
        0.5763101402774429
      ],
      [
        0.4526613119915779,
        0.5717609148713851
      ],
      [
        0.3930531786289706,
        0.5700741700000000
      ],
      [
        0.3243598181249999,
        0.5683874341666666
      ]
    ],
    "R": [
            [
              0.0,
              0.0
            ],
            [
              1.0,
              1.0
            ]
          ],
    "G": [
      [
        0.0,
        0.0
      ],
      [
        1.0,
        1.0
      ]
    ],
    "B": [
      [
        0.0,
        0.0
      ],
      [
        1.0,
        1.0
      ]
    ]
  }
}