{
  "name": "Ilford MGFB 3",
  "type": "paper",
  "curves": {
    "RGB": [
      [
        0.837833079375,
        0.99516957625
      ],
      [
        0.8362617583971571,
        1.0
      ],
      [
        0.8342731511699472,
        1.0
      ],
      [
        0.8317564414970828,
        1.0
      ],
      [
        0.8285713843923799,
        1.0
      ],
      [
        0.8245404908532483,
        1.0
      ],
      [
        0.8194391371915444,
        1.0
      ],
      [
        0.8129830477589797,
        1.0
      ],
      [
        0.8048124535352985,
        0.9960192217556463
      ],
      [
        0.794472043808116,
        0.9928220259329749
      ],
      [
        0.781385593741105,
        0.9880618186210444
      ],
      [
        0.7648238539382632,
        0.9771746051411552
      ],
      [
        0.7438639126331359,
        0.9546769499894934
      ],
      [
        0.7173377659393563,
        0.9102638830039624
      ],
      [
        0.6837672302123414,
        0.823253770982149
      ],
      [
        0.6412815694788487,
        0.6622787264370633
      ],
      [
        0.58751324767906,
        0.5789593819372338
      ],
      [
        0.51946599645939,
        0.5717712676728226
      ],
      [
        0.4333478465235465,
        0.5675220676905779
      ],
      [
        0.3243598181249999,
        0.5632728677083333
      ]
    ],
    "R": [
            [
              0.0,
              0.0
            ],
            [
              1.0,
              1.0
            ]
          ],
    "G": [
      [
        0.0,
        0.0
      ],
      [
        1.0,
        1.0
      ]
    ],
    "B": [
      [
        0.0,
        0.0
      ],
      [
        1.0,
        1.0
      ]
    ]
  }
}