{
  "name": "Ilford MGFB 5",
  "type": "paper",
  "curves": {
    "RGB": [
      [
        0.8363899279166667,
        0.9957378614583333
      ],
      [
        0.8345441729380056,
        0.9958089106003393
      ],
      [
        0.8322355405034341,
        0.9959256433711398
      ],
      [
        0.8293479504497301,
        0.9961124528687708
      ],
      [
        0.8257362120918235,
        0.9964044798650384
      ],
      [
        0.8212187239015445,
        0.9968503655268002
      ],
      [
        0.8155683424156779,
        0.9975132811604239
      ],
      [
        0.808500961253614,
        0.9984661006899761
      ],
      [
        0.7996612259870959,
        0.9997712161971865
      ],
      [
        0.7886046665925686,
        1.0
      ],
      [
        0.7747753490893913,
        1.0
      ],
      [
        0.7574779226677191,
        1.0
      ],
      [
        0.7358426568099197,
        1.0
      ],
      [
        0.7087817104398169,
        0.9949191917546736
      ],
      [
        0.6749344342723469,
        0.960427790468515
      ],
      [
        0.6325989561154303,
        0.7981180773063847
      ],
      [
        0.5796466091700854,
        0.5987401857867297
      ],
      [
        0.5134149007049698,
        0.5683047115560063
      ],
      [
        0.43057363947181293,
        0.5624116851954503
      ],
      [
        0.3269574906249999,
        0.5638411529166667
      ]
    ],
    "R": [
            [
              0.0,
              0.0
            ],
            [
              1.0,
              1.0
            ]
          ],
    "G": [
      [
        0.0,
        0.0
      ],
      [
        1.0,
        1.0
      ]
    ],
    "B": [
      [
        0.0,
        0.0
      ],
      [
        1.0,
        1.0
      ]
    ]
  }
}