{
  "name": "Ilford MGFB 2",
  "type": "paper",
  "curves": {
    "RGB": [
      [
        0.8011770341666666,
        0.99516957625
      ],
      [
        0.7951921025007318,
        0.9951941909493179
      ],
      [
        0.7883658057491193,
        0.9923960368777581
      ],
      [
        0.7805798643312241,
        0.9865083948739216
      ],
      [
        0.7716993708559623,
        0.9820844403116673
      ],
      [
        0.7615704525747499,
        0.9734719440944863
      ],
      [
        0.7500176052207964,
        0.9618714358425986
      ],
      [
        0.7368406520380154,
        0.9446309569115674
      ],
      [
        0.7218112753084958,
        0.9219838507967908
      ],
      [
        0.7046690602801386,
        0.8984367593168395
      ],
      [
        0.6851169829473998,
        0.8666623944648542
      ],
      [
        0.6628162635016914,
        0.8176215254897478
      ],
      [
        0.6373804962769238,
        0.7442913021293958
      ],
      [
        0.6083689544794657,
        0.6535318141965762
      ],
      [
        0.5752789536932458,
        0.5886095975729412
      ],
      [
        0.5375371418420755,
        0.573133318257978
      ],
      [
        0.49448956468993643,
        0.5582078879640955
      ],
      [
        0.4453903347436694,
        0.5591949031247527
      ],
      [
        0.38938870722357954,
        0.5626545983332096
      ],
      [
        0.3255143391666666,
        0.5661142935416665
      ]
    ],
    "R": [
            [
              0.0,
              0.0
            ],
            [
              1.0,
              1.0
            ]
          ],
    "G": [
      [
        0.0,
        0.0
      ],
      [
        1.0,
        1.0
      ]
    ],
    "B": [
      [
        0.0,
        0.0
      ],
      [
        1.0,
        1.0
      ]
    ]
  }
}