{
  "name": "Ilford MGFB 4",
  "type": "paper",
  "curves": {
    "RGB": [
      [
        0.839276230625,
        0.9957378614583333
      ],
      [
        0.8380049016029951,
        1.0
      ],
      [
        0.8363722939037246,
        1.0
      ],
      [
        0.8342757415136013,
        1.0
      ],
      [
        0.8315834034053736,
        1.0
      ],
      [
        0.8281259727572474,
        1.0
      ],
      [
        0.8236860301474865,
        1.0
      ],
      [
        0.8179843712035384,
        1.0
      ],
      [
        0.8106624489242645,
        1.0
      ],
      [
        0.8012598265663229,
        1.0
      ],
      [
        0.789185223226661,
        1.0
      ],
      [
        0.7736793313318286,
        1.0
      ],
      [
        0.753767067823804,
        1.0
      ],
      [
        0.7281962563734057,
        0.9922001731346304
      ],
      [
        0.6953588846718759,
        0.9751459581577164
      ],
      [
        0.653189985090567,
        0.8670358699184146
      ],
      [
        0.5990377798513249,
        0.6370999878715147
      ],
      [
        0.5294969248280935,
        0.5675957976373178
      ],
      [
        0.44019436556947933,
        0.5554162776338822
      ],
      [
        0.3255143391666666,
        0.5661142935416665
      ]
    ],
    "R": [
            [
              0.0,
              0.0
            ],
            [
              1.0,
              1.0
            ]
          ],
    "G": [
      [
        0.0,
        0.0
      ],
      [
        1.0,
        1.0
      ]
    ],
    "B": [
      [
        0.0,
        0.0
      ],
      [
        1.0,
        1.0
      ]
    ]
  }
}