{
    "description": "ColorChecker 24+CIE D55光源在kodak_portra_400_auc->kodak_endura_premier_d60_uc打印流程下，相纸上得到的理论密度（并取指数）",
    "type": "DensityExp",
    "required_working_colorspace": "KodakEnduraPremier",
    "Illuminant": "CIE D55",
    "data": {
        "A1": [
            0.186605457335302,
            0.08154376251495,
            0.060987323591337
        ],
        "A2": [
            0.579340941715329,
            0.272983341184768,
            0.218096864765398
        ],
        "A3": [
            0.147241353456306,
            0.226800641943999,
            0.348481020728948
        ],
        "A4": [
            0.127101603504926,
            0.155290891420009,
            0.060106304169113
        ],
        "A5": [
            0.264354149187512,
            0.243020598755025,
            0.439986475456473
        ],
        "A6": [
            0.220743517743544,
            0.561706852636816,
            0.410928979501549
        ],
        "B1": [
            0.683673776518914,
            0.164242060357521,
            0.047980308934677
        ],
        "B2": [
            0.089161622827398,
            0.149900610064764,
            0.406964474338289
        ],
        "B3": [
            0.572890110158737,
            0.087125023211865,
            0.125215443648799
        ],
        "B4": [
            0.128678288832328,
            0.057040161890254,
            0.150365969315087
        ],
        "B5": [
            0.387761698344571,
            0.474873560072577,
            0.07703188411531
        ],
        "B6": [
            0.745428910099968,
            0.302454573604254,
            0.057225948143616
        ],
        "C1": [
            0.03825351694268,
            0.085746431003166,
            0.30014692631976
        ],
        "C2": [
            0.127655209852116,
            0.31182866864493,
            0.073135113086764
        ],
        "C3": [
            0.568927976832665,
            0.039784252245644,
            0.041730618948523
        ],
        "C4": [
            0.878140167723995,
            0.483595981875141,
            0.055686422074634
        ],
        "C5": [
            0.568346987999212,
            0.110160289406872,
            0.310976498658653
        ],
        "C6": [
            0.076760695152843,
            0.302362203343247,
            0.383278442005732
        ],
        "D1": [
            0.893678867478511,
            0.895634109193748,
            0.905050627657317
        ],
        "D2": [
            0.577576018313682,
            0.58884366,
            0.604914293929756
        ],
        "D3": [
            0.361234200739761,
            0.364247767292315,
            0.370328886622506
        ],
        "D4": [
            0.19952623,
            0.19952623,
            0.19952623
        ],
        "D5": [
            0.097084133440784,
            0.097120926269877,
            0.095966299048038
        ],
        "D6": [
            0.036553712566538,
            0.034848182662001,
            0.033553566326184
        ]
    }
}