{
    "description": "ColorChecker 24+CIE D55光源在kodak_portra_160_auc->kodak_endura_premier_d60_uc打印流程下，相纸上得到的理论密度（并取指数）",
    "type": "DensityExp",
    "required_working_colorspace": "KodakEnduraPremier",
    "Illuminant": "CIE D55",
    "data": {
        "A1": [
            0.175641509062899,
            0.077096804006677,
            0.055052165335119
        ],
        "A2": [
            0.470131075171335,
            0.270781630026707,
            0.219656582399615
        ],
        "A3": [
            0.146240542005147,
            0.232200525173658,
            0.364368298300428
        ],
        "A4": [
            0.125685756899225,
            0.149507779881667,
            0.053043018351234
        ],
        "A5": [
            0.240582103590019,
            0.25156154997828,
            0.461182031000266
        ],
        "A6": [
            0.229633050909251,
            0.545702531636408,
            0.426848028887375
        ],
        "B1": [
            0.529929159320029,
            0.160899237939399,
            0.040095187784799
        ],
        "B2": [
            0.083924459684936,
            0.158581918909786,
            0.443328716780183
        ],
        "B3": [
            0.447053491498595,
            0.082084218610779,
            0.119899201624186
        ],
        "B4": [
            0.105076621509753,
            0.057302119170195,
            0.151710246083415
        ],
        "B5": [
            0.366896056268356,
            0.436113847696306,
            0.067366107624185
        ],
        "B6": [
            0.571570541692241,
            0.292636400955374,
            0.047067421422155
        ],
        "C1": [
            0.036055026462449,
            0.090303599032239,
            0.339791537356105
        ],
        "C2": [
            0.135170689842092,
            0.294790803703496,
            0.066507399518023
        ],
        "C3": [
            0.401270582438939,
            0.035396669340499,
            0.037373268504254
        ],
        "C4": [
            0.644430048030654,
            0.443324217244322,
            0.046717700362229
        ],
        "C5": [
            0.423918524802864,
            0.111858458000972,
            0.322105537472763
        ],
        "C6": [
            0.077456115432805,
            0.305907929869124,
            0.419100840849238
        ],
        "D1": [
            0.673817250534116,
            0.884748375227863,
            0.901248220162907
        ],
        "D2": [
            0.494457613584504,
            0.58884366,
            0.610200101467482
        ],
        "D3": [
            0.340832420853858,
            0.366770609861921,
            0.376383558772109
        ],
        "D4": [
            0.19952623,
            0.19952623,
            0.19952623
        ],
        "D5": [
            0.096676908683644,
            0.094196523039687,
            0.091828828419432
        ],
        "D6": [
            0.035250281417985,
            0.032165258759733,
            0.031346059506892
        ]
    }
}