{
    "description": "从图像中提取的色卡数据 - 2025-10-30 12:42",
    "type": "DensityExp",
    "required_working_colorspace": "KodakEnduraPremier",
    "data": {
        "A1": [
            0.1609048694372177,
            0.06421034783124924,
            0.05224849656224251
        ],
        "A2": [
            0.5411345362663269,
            0.2475149929523468,
            0.2205335795879364
        ],
        "A3": [
            0.11934202164411545,
            0.19467629492282867,
            0.355322003364563
        ],
        "A4": [
            0.0969429463148117,
            0.12061946839094162,
            0.054960157722234726
        ],
        "A5": [
            0.21976937353610992,
            0.20570778846740723,
            0.43819427490234375
        ],
        "A6": [
            0.16744929552078247,
            0.5310840606689453,
            0.5170902013778687
        ],
        "B1": [
            0.9459642171859741,
            0.20826110243797302,
            0.05564574897289276
        ],
        "B2": [
            0.07733068615198135,
            0.13507306575775146,
            0.5497984290122986
        ],
        "B3": [
            0.7607755661010742,
            0.0812852755188942,
            0.13797907531261444
        ],
        "B4": [
            0.10597041249275208,
            0.045759592205286026,
            0.13667361438274384
        ],
        "B5": [
            0.33625900745391846,
            0.6121797561645508,
            0.08810527622699738
        ],
        "B6": [
            0.9408182501792908,
            0.4104602336883545,
            0.06461257487535477
        ],
        "C1": [
            0.037349481135606766,
            0.059525176882743835,
            0.3141014873981476
        ],
        "C2": [
            0.09664031863212585,
            0.2823340594768524,
            0.08650513738393784
        ],
        "C3": [
            0.6904522776603699,
            0.04829363524913788,
            0.04843029007315636
        ],
        "C4": [
            0.910550057888031,
            0.729995846748352,
            0.06651302427053452
        ],
        "C5": [
            0.6435040235519409,
            0.10828790068626404,
            0.34275490045547485
        ],
        "C6": [
            0.06038393825292587,
            0.2929825484752655,
            0.5820477604866028
        ],
        "D1": [
            0.883102536201477,
            0.9083601236343384,
            0.9073376655578613
        ],
        "D2": [
            0.5780580043792725,
            0.6206689476966858,
            0.6868257522583008
        ],
        "D3": [
            0.335141658782959,
            0.3689107298851013,
            0.4276401102542877
        ],
        "D4": [
            0.1881461888551712,
            0.1866098791360855,
            0.21263812482357025
        ],
        "D5": [
            0.08941975235939026,
            0.07954269647598267,
            0.09128968417644501
        ],
        "D6": [
            0.03375054895877838,
            0.032688114792108536,
            0.03335069492459297
        ]
    }
}